,Text ID,Negative,Neutral,Positive,GPE
0,3608,0.0,0.762,0.238,Paris
1,875,0.243,0.654,0.103,New York
2,95,0.0,1.0,0.0,Iran
3,4869,0.0,1.0,0.0,Iowa
4,2909,0.0,1.0,0.0,Iran
5,1357,0.13,0.87,0.0,America
6,988,0.524,0.476,0.0,Staten Island
7,1571,0.0,1.0,0.0,W. Va.
8,4739,0.0,1.0,0.0,Afghanistan
9,3304,0.209,0.791,0.0,Orlando
10,3078,0.0,1.0,0.0,South Carolina
11,2517,0.31,0.69,0.0,Obama
12,778,0.0,1.0,0.0,Selma
13,3300,0.242,0.758,0.0,America
14,636,0.0,1.0,0.0,Obama
15,755,0.0,1.0,0.0,Iraq
16,626,0.0,0.774,0.226,Belgium
17,691,0.296,0.609,0.096,San Francisco
18,1787,0.412,0.588,0.0,Israel
19,1967,0.0,0.636,0.364,Obama
20,431,0.0,1.0,0.0,US
21,5224,0.189,0.811,0.0,Kasich
22,2777,0.13,0.87,0.0,Syria
23,587,0.256,0.744,0.0,US
24,3027,0.0,0.781,0.219,Iran
25,4377,0.0,0.708,0.292,Iran
26,3627,0.383,0.617,0.0,US
27,909,0.0,1.0,0.0,Iran
28,1522,0.375,0.625,0.0,Charleston
29,1834,0.265,0.482,0.253,Connecticut
30,1775,0.0,1.0,0.0,Iran
31,3363,0.327,0.673,0.0,Obama
32,1084,0.0,1.0,0.0,Ohio
33,4410,0.0,1.0,0.0,Iraq
34,2669,0.208,0.56,0.232,Anbar
35,3648,0.141,0.759,0.1,Iran
36,596,0.0,1.0,0.0,US
37,1569,0.0,1.0,0.0,Israel
38,1178,0.336,0.664,0.0,US
39,1506,0.0,0.753,0.247,America
40,1641,0.0,1.0,0.0,Russia
41,139,0.0,1.0,0.0,US
42,4134,0.268,0.732,0.0,America
43,917,0.0,0.825,0.175,LGBT
44,3854,0.0,1.0,0.0,New Responses
45,3343,0.0,0.685,0.315,Mexico
46,4348,0.0,1.0,0.0,Iran
47,3424,0.0,0.581,0.419,Nukes
48,1718,0.0,1.0,0.0,Obama
49,143,0.0,0.769,0.231,Iran
50,930,0.0,1.0,0.0,Chicago
51,1661,0.0,0.8,0.2,France
52,1360,0.273,0.727,0.0,Obama
53,3635,0.521,0.479,0.0,South Africa
54,3255,0.0,0.714,0.286,Iraq
55,3177,0.0,1.0,0.0,Iowa
56,2832,0.273,0.435,0.292,New Hampshire
57,4294,0.0,1.0,0.0,Iran
58,1524,0.303,0.618,0.079,America
59,2974,0.0,1.0,0.0,U.S.
60,3364,0.0,0.865,0.135,Vermont
61,4933,0.0,1.0,0.0,Obama
62,4880,0.0,1.0,0.0,Charleston
63,3512,0.429,0.571,0.0,Florida
64,2546,0.0,0.775,0.225,Obama
65,2596,0.156,0.844,0.0,Syria
66,1475,0.0,1.0,0.0,Obama
67,2232,0.427,0.573,0.0,New Hampshire
68,127,0.0,1.0,0.0,Iowa
69,4979,0.167,0.833,0.0,Cleveland
70,1700,0.0,1.0,0.0,West Virginia
71,4500,0.51,0.49,0.0,Nebraska
72,2199,0.0,1.0,0.0,US
73,4943,0.0,0.725,0.275,Paris
74,2115,0.0,1.0,0.0,Obama
75,4597,0.0,0.673,0.327,Syria
76,677,0.0,1.0,0.0,Illinois
77,3004,0.0,1.0,0.0,Iran
78,172,0.0,1.0,0.0,Kentucky
79,5202,0.13,0.87,0.0,Florida
80,2802,0.0,0.769,0.231,Paris
81,1329,0.268,0.732,0.0,Putin
82,4114,0.0,0.726,0.274,US
83,4354,0.0,1.0,0.0,America
84,3138,0.171,0.44,0.389,Obama
85,421,0.0,1.0,0.0,Iraq
86,2850,0.0,0.847,0.153,Iran
87,51,0.0,1.0,0.0,Threat
88,186,0.16,0.84,0.0,Israel
89,3700,0.0,0.732,0.268,Obama
90,5040,0.0,1.0,0.0,Afghanistan
91,2305,0.187,0.813,0.0,DC
92,2228,0.339,0.661,0.0,Hungary
93,3008,0.0,1.0,0.0,US
94,3872,0.0,0.736,0.264,Flint
95,1884,0.0,1.0,0.0,Kasich
96,4239,0.0,0.746,0.254,United States
97,3282,0.315,0.685,0.0,Texas
98,4532,0.456,0.544,0.0,Iran
99,4130,0.408,0.376,0.216,Yemen
100,599,0.289,0.711,0.0,Chicago
101,4577,0.412,0.588,0.0,Iran
102,1934,0.224,0.776,0.0,U.S.
103,5075,0.18,0.602,0.218,Colorado
104,2076,0.0,1.0,0.0,California
105,4714,0.275,0.725,0.0,Kasich
106,4911,0.0,1.0,0.0,Cuba
107,2834,0.0,1.0,0.0,Obama
108,2281,0.0,1.0,0.0,Afghanistan
109,1938,0.0,0.57,0.43,U.S.
110,1255,0.0,1.0,0.0,New York
111,4618,0.0,1.0,0.0,US
112,3602,0.31,0.69,0.0,Yemen
113,384,0.0,1.0,0.0,Obama
114,4492,0.158,0.714,0.128,Washington
115,2432,0.137,0.863,0.0,Baltimore
116,2916,0.273,0.727,0.0,Oklahoma
117,4713,0.494,0.506,0.0,D.C.
118,4217,0.0,1.0,0.0,Iran
119,1770,0.0,0.672,0.328,Obama
120,3427,0.0,0.735,0.265,Israel
121,658,0.0,0.743,0.257,Paris
122,4865,0.0,1.0,0.0,Iran
123,4031,0.196,0.804,0.0,Israel
124,2586,0.0,0.803,0.197,Brussels
125,4045,0.0,0.878,0.122,Baltimore
126,4632,0.0,0.851,0.149,Greece
127,71,0.27,0.73,0.0,Iran
128,1108,0.541,0.459,0.0,Historic Speech
129,4701,0.0,0.909,0.091,Obama
130,4929,0.0,1.0,0.0,U.S.
131,667,0.0,1.0,0.0,Obama
132,3382,0.224,0.776,0.0,Ethiopia
133,5199,0.0,1.0,0.0,Kentucky
134,1809,0.0,1.0,0.0,Jamaica
135,2812,0.0,1.0,0.0,Obama
136,4666,0.197,0.803,0.0,Cuba
137,4808,0.0,1.0,0.0,Obama
138,4411,0.171,0.829,0.0,Iran
139,1754,0.0,0.316,0.684,Nevada
140,854,0.0,1.0,0.0,US
141,3137,0.231,0.769,0.0,Iran
142,2010,0.0,1.0,0.0,San Bernardino
143,1109,0.649,0.351,0.0,Iran
144,3592,0.0,0.723,0.277,Israel
145,3147,0.0,0.702,0.298,Rand Paul
146,4318,0.0,0.743,0.257,Cuba
147,1905,0.0,0.73,0.27,Iraq
148,4051,0.136,0.545,0.318,Obama
149,3852,0.487,0.513,0.0,Paris
150,205,0.0,1.0,0.0,US
151,3326,0.53,0.47,0.0,Baltimore
152,2968,0.535,0.465,0.0,Iowa
153,3107,0.0,0.776,0.224,U.S.
154,1284,0.0,0.69,0.31,Iowa
155,2989,0.167,0.833,0.0,Obama
156,3866,0.268,0.732,0.0,Obama
157,4796,0.0,1.0,0.0,Kenya
158,961,0.263,0.57,0.167,Indiana
159,273,0.355,0.645,0.0,Palin
160,3398,0.0,0.66,0.34,Indiana
161,263,0.0,1.0,0.0,Russia
162,1242,0.0,1.0,0.0,Syria
163,2840,0.089,0.674,0.236,Turkey
164,1570,0.0,1.0,0.0,New Hampshire
165,2463,0.0,1.0,0.0,Kenya
166,4469,0.0,0.787,0.213,Iraq
167,2507,0.0,1.0,0.0,Hiroshima
168,1610,0.223,0.777,0.0,Iran
169,4107,0.359,0.641,0.0,Obama
170,3474,0.0,0.494,0.506,New York
171,1181,0.0,0.795,0.205,Iran
172,624,0.0,1.0,0.0,Obama
173,2042,0.18,0.82,0.0,Selma
174,1680,0.0,0.847,0.153,US
175,2874,0.0,0.503,0.497,US
176,5244,0.268,0.732,0.0,Obama
177,3888,0.248,0.752,0.0,Canada
178,763,0.252,0.748,0.0,Iran
179,739,0.0,0.885,0.115,Iran
180,1338,0.18,0.82,0.0,Ohio
181,5258,0.156,0.649,0.195,Cuba
182,4053,0.194,0.576,0.23,America
183,2678,0.273,0.625,0.102,Iran
184,3495,0.385,0.615,0.0,U.S.
185,4930,0.0,1.0,0.0,Iraq
186,4904,0.0,0.5,0.5,Hungary
187,3146,0.0,1.0,0.0,Obama
188,4489,0.367,0.633,0.0,Iran
189,4454,0.0,1.0,0.0,South Carolina
190,4708,0.21,0.617,0.173,Nevada
191,1461,0.0,1.0,0.0,America
192,440,0.296,0.704,0.0,Kasich
193,3851,0.0,1.0,0.0,N.H.
194,334,0.402,0.467,0.131,Russia
195,3767,0.231,0.769,0.0,Iowa
196,5215,0.0,1.0,0.0,Chicago
197,5207,0.154,0.671,0.174,US
198,5035,0.0,1.0,0.0,U.S.
199,3103,0.138,0.582,0.28,Obama
200,1376,0.55,0.45,0.0,Alabama
201,1510,0.0,1.0,0.0,Charleston
202,356,0.0,1.0,0.0,Obama
203,2683,0.0,1.0,0.0,Syria
204,4020,0.0,0.787,0.213,California
205,3226,0.394,0.606,0.0,US
206,3375,0.0,0.87,0.13,Iowa
207,3106,0.0,1.0,0.0,New Hampshire
208,2339,0.267,0.556,0.178,Cuba
209,2422,0.0,0.9,0.1,Obama
210,1597,0.0,1.0,0.0,Wisconsin
211,4261,0.0,0.886,0.114,California
212,2640,0.0,0.471,0.529,Kentucky
213,4477,0.0,0.629,0.371,Kasich
214,5184,0.0,1.0,0.0,Cuba
215,4648,0.252,0.748,0.0,Boston
216,3144,0.171,0.488,0.341,Obama
217,1784,0.0,0.488,0.512,Saudi Arabia's
218,800,0.0,0.617,0.383,US
219,1518,0.0,1.0,0.0,Philadelphia
220,3938,0.0,1.0,0.0,San Bernardino
221,3638,0.527,0.473,0.0,Moscow
222,1829,0.0,0.777,0.223,Wisconsin
223,2845,0.328,0.672,0.0,Obama
224,317,0.208,0.628,0.164,South Carolina
225,3302,0.0,0.783,0.217,America
226,162,0.0,1.0,0.0,US
227,151,0.0,0.87,0.13,North Korea
228,2714,0.426,0.574,0.0,Michigan
229,3327,0.118,0.709,0.173,Mississippi
230,4147,0.273,0.727,0.0,VA
231,751,0.0,0.647,0.353,Iowa
232,3993,0.0,0.614,0.386,Iran
233,3664,0.418,0.582,0.0,Iran
234,4455,0.0,0.739,0.261,Mali
235,235,0.2,0.8,0.0,America
236,4359,0.0,1.0,0.0,Iran
237,2462,0.273,0.727,0.0,Detroit
238,4289,0.0,1.0,0.0,Obama
239,743,0.241,0.668,0.091,Arizona
240,5061,0.0,1.0,0.0,Baltimore
241,1146,0.244,0.756,0.0,Russia
242,1027,0.0,0.69,0.31,Florida
243,5237,0.0,1.0,0.0,Philadelphia
244,4122,0.0,1.0,0.0,America
245,266,0.231,0.769,0.0,London
246,2551,0.0,1.0,0.0,Baltimore
247,5060,0.0,0.469,0.531,Iran
248,5183,0.184,0.816,0.0,Russia
249,2822,0.0,1.0,0.0,Syria
250,4305,0.0,0.654,0.346,U.S.
251,1786,0.268,0.732,0.0,Wisconsin
252,2057,0.245,0.755,0.0,Israel
253,4601,0.0,1.0,0.0,Oregon
254,1996,0.0,1.0,0.0,St. Louis
255,4267,0.227,0.584,0.188,U.S.
256,3077,0.0,1.0,0.0,Afghanistan
257,2376,0.0,1.0,0.0,Syria
258,2570,0.34,0.66,0.0,US
259,4375,0.44,0.56,0.0,US
260,781,0.115,0.67,0.215,U.S.
261,2619,0.327,0.673,0.0,Paris
262,693,0.0,1.0,0.0,N.H.
263,4621,0.208,0.538,0.254,U.S.
264,1118,0.0,1.0,0.0,Saudi Arabia
265,5223,0.0,0.784,0.216,Kasich
266,217,0.0,0.849,0.151,Syria
267,2634,0.0,0.722,0.278,Wisconsin
268,3134,0.148,0.852,0.0,Ivanka
269,1590,0.196,0.374,0.43,Iran
270,704,0.189,0.811,0.0,Syria
271,3982,0.451,0.549,0.0,Obama
272,3140,0.239,0.761,0.0,Iran
273,1423,0.231,0.769,0.0,Obama
274,3828,0.381,0.361,0.258,Iraq
275,1722,0.0,1.0,0.0,U.S.
276,1479,0.0,1.0,0.0,America
277,992,0.236,0.764,0.0,Virginia
278,1343,0.0,1.0,0.0,Egypt
279,187,0.271,0.729,0.0,Israel
280,5209,0.227,0.773,0.0,US
281,4883,0.0,0.69,0.31,Soviet Union
282,4750,0.092,0.75,0.158,Charleston
283,5020,0.0,1.0,0.0,Ireland
284,1171,0.0,1.0,0.0,America
285,764,0.31,0.69,0.0,San Diego
286,1819,0.0,0.724,0.276,Turkey
287,569,0.609,0.391,0.0,Russia
288,4770,0.211,0.789,0.0,Wyoming
289,1920,0.265,0.735,0.0,Indiana
290,4431,0.0,1.0,0.0,U.S.
291,1675,0.0,1.0,0.0,Cleveland
292,5057,0.0,0.788,0.212,Obama
293,188,0.0,1.0,0.0,Selma
294,5028,0.0,0.748,0.252,America
295,3,0.0,1.0,0.0,Russia
296,4561,0.29,0.71,0.0,Syria
297,4145,0.0,1.0,0.0,Obama
298,479,0.353,0.647,0.0,Colorado
299,2532,0.0,1.0,0.0,Delta State
300,4246,0.255,0.745,0.0,Iran
301,708,0.231,0.769,0.0,Obama
302,4563,0.0,1.0,0.0,Obama
303,944,0.231,0.769,0.0,US
304,821,0.0,1.0,0.0,Jill
305,5114,0.475,0.36,0.165,California
306,4630,0.181,0.819,0.0,America
307,3887,0.0,0.654,0.346,Iran
308,500,0.0,1.0,0.0,Russia
309,2497,0.0,0.797,0.203,Iowa
310,2837,0.452,0.548,0.0,Charleston
311,3870,0.0,1.0,0.0,Syria
312,868,0.0,1.0,0.0,Turkey
313,1115,0.462,0.538,0.0,US
314,449,0.231,0.769,0.0,Lahore
315,2768,0.23,0.77,0.0,Pakistan
316,3855,0.0,0.617,0.383,US
317,1318,0.312,0.688,0.0,US
318,972,0.0,1.0,0.0,California
319,109,0.0,1.0,0.0,Obama
320,2691,0.0,1.0,0.0,Iran
321,4397,0.185,0.298,0.518,Obama
322,2052,0.0,0.696,0.304,Iran
323,605,0.23,0.531,0.239,US
324,819,0.0,0.723,0.277,Germany
325,1883,0.0,0.698,0.302,California
326,3682,0.381,0.619,0.0,U.S.
327,5190,0.0,0.755,0.245,Iran
328,2139,0.351,0.649,0.0,Washington
329,2646,0.532,0.355,0.113,Obama
330,1604,0.143,0.857,0.0,Obama
331,1424,0.179,0.821,0.0,VA
332,4484,0.0,1.0,0.0,Iran
333,1297,0.189,0.811,0.0,Bergdahl
334,2732,0.318,0.682,0.0,Syria
335,4088,0.0,1.0,0.0,Iraq
336,578,0.429,0.571,0.0,Ukraine
337,1723,0.216,0.784,0.0,Kentucky
338,3256,0.336,0.545,0.119,Milwaukee
339,2786,0.459,0.541,0.0,Flint
340,4514,0.0,0.804,0.196,Iraq
341,1612,0.0,1.0,0.0,New York Debate
342,1951,0.0,1.0,0.0,Iraq
343,5105,0.0,1.0,0.0,Iran
344,2987,0.0,1.0,0.0,Calif.
345,1653,0.0,0.878,0.122,Obama
346,462,0.077,0.773,0.149,Iran
347,2102,0.0,1.0,0.0,the United States
348,1530,0.0,1.0,0.0,America
349,2588,0.0,1.0,0.0,St. Louis
350,4797,0.0,0.787,0.213,Kasich
351,5134,0.0,1.0,0.0,Ohio
352,1535,0.372,0.628,0.0,US
353,5128,0.0,1.0,0.0,Obama
354,4126,0.0,1.0,0.0,America
355,1222,0.244,0.756,0.0,Obama
356,2005,0.0,1.0,0.0,Libya
357,3081,0.278,0.588,0.134,America
358,324,0.384,0.616,0.0,Obama
359,17,0.306,0.694,0.0,Iran
360,1005,0.0,1.0,0.0,New Hampshire
361,4050,0.259,0.576,0.165,Israel
362,419,0.403,0.597,0.0,Kentucky
363,3897,0.0,1.0,0.0,Ohio
364,3761,0.0,1.0,0.0,US
365,4197,0.0,1.0,0.0,Mexico
366,193,0.0,0.577,0.423,Obama
367,1014,0.639,0.361,0.0,Ukraine
368,126,0.333,0.667,0.0,Iowa
369,1857,0.384,0.452,0.164,Alarm
370,1059,0.0,1.0,0.0,Arizona
371,3456,0.0,0.286,0.714,U.S.
372,2211,0.3,0.467,0.233,Afghanistan
373,5177,0.0,1.0,0.0,Iran
374,5185,0.302,0.698,0.0,Iowa
375,5082,0.0,1.0,0.0,Brussels
376,2086,0.0,1.0,0.0,France
377,4844,0.119,0.881,0.0,Clinton
378,4494,0.161,0.632,0.207,Florida
379,2222,0.0,1.0,0.0,Illinois
380,3566,0.0,0.723,0.277,Ohio
381,2624,0.333,0.667,0.0,North Carolina
382,1066,0.0,0.714,0.286,Florida
383,825,0.0,0.73,0.27,US
384,2706,0.0,1.0,0.0,N.H.
385,2574,0.0,1.0,0.0,Orlando
386,4996,0.0,1.0,0.0,New York
387,3764,0.191,0.809,0.0,South Carolina
388,3168,0.0,0.769,0.231,Iraq
389,3494,0.0,0.443,0.557,Obama
390,131,0.0,1.0,0.0,Iran
391,3073,0.0,0.667,0.333,Obama
392,4047,0.0,1.0,0.0,Obama
393,5083,0.0,0.776,0.224,Egypt
394,4027,0.557,0.443,0.0,Libya
395,4587,0.0,0.68,0.32,Puerto Rico's
396,497,0.0,1.0,0.0,Syria
397,1532,0.0,1.0,0.0,US
398,4696,0.22,0.78,0.0,Obama
399,3821,0.208,0.792,0.0,Orlando
400,2519,0.474,0.526,0.0,U.S.
401,806,0.147,0.853,0.0,Obama
402,5236,0.313,0.687,0.0,Iran
403,1994,0.342,0.658,0.0,Kochs
404,4070,0.0,0.543,0.457,Paris
405,612,0.0,1.0,0.0,Wisconsin
406,5089,0.509,0.491,0.0,Berned
407,1162,0.257,0.743,0.0,Trumpspeak
408,4052,0.295,0.705,0.0,France
409,2004,0.0,1.0,0.0,Belgium
410,911,0.114,0.619,0.267,Italy
411,5146,0.211,0.621,0.168,New York
412,10,0.231,0.769,0.0,Ark.
413,2893,0.471,0.529,0.0,New York
414,4434,0.143,0.857,0.0,Russia
415,814,0.0,1.0,0.0,Syria
416,2036,0.0,1.0,0.0,New York City
417,90,0.0,1.0,0.0,US
418,3559,0.0,1.0,0.0,Boston
419,1241,0.0,1.0,0.0,Iran
420,4806,0.0,0.847,0.153,Iowa
421,4398,0.0,1.0,0.0,Obama
422,756,0.218,0.67,0.112,Ohio
423,3386,0.0,1.0,0.0,Washington
424,4178,0.0,1.0,0.0,Alabama
425,1845,0.389,0.611,0.0,Paris
426,3032,0.0,1.0,0.0,Belgium
427,2905,0.0,1.0,0.0,France
428,2593,0.315,0.462,0.223,Germany
429,3837,0.291,0.709,0.0,Hiroshima
430,3666,0.316,0.684,0.0,Baltimore
431,2219,0.0,0.886,0.114,Puerto Rico
432,3848,0.361,0.639,0.0,Florida
433,5268,0.0,1.0,0.0,America
434,4328,0.0,1.0,0.0,Obama
435,5142,0.22,0.78,0.0,Iowa
436,837,0.0,1.0,0.0,New Hampshire
437,2087,0.0,1.0,0.0,Yemen
438,2181,0.0,1.0,0.0,Obama
439,3247,0.124,0.876,0.0,U.S.
440,2844,0.31,0.69,0.0,Alaska
441,3622,0.333,0.667,0.0,America
442,3551,0.0,0.891,0.109,US
443,3736,0.0,1.0,0.0,Florida
444,4306,0.0,1.0,0.0,Obama
445,3974,0.44,0.56,0.0,Indiana
446,3202,0.0,1.0,0.0,Istanbul
447,3466,0.0,0.66,0.34,Obama
448,1364,0.0,0.703,0.297,US
449,1019,0.153,0.847,0.0,Iran
450,2089,0.0,1.0,0.0,S.C.
451,2189,0.0,1.0,0.0,Cleveland
452,2258,0.146,0.854,0.0,New Hampshire
453,524,0.0,0.577,0.423,Venezuela
454,5147,0.0,1.0,0.0,Iowa
455,1783,0.205,0.795,0.0,Istanbul
456,171,0.256,0.744,0.0,Kasich
457,736,0.0,0.595,0.405,Obama
458,4283,0.16,0.494,0.346,Hawaii
459,3691,0.0,1.0,0.0,Mississippi
460,2627,0.268,0.732,0.0,Michigan
461,2237,0.189,0.63,0.181,Iran
462,1064,0.0,1.0,0.0,Cleveland
463,849,0.0,1.0,0.0,Obama
464,1802,0.36,0.508,0.132,Charleston
465,1875,0.0,1.0,0.0,Obama
466,62,0.254,0.746,0.0,Nevada
467,3957,0.0,1.0,0.0,Obama
468,4268,0.0,1.0,0.0,Ethiopia
469,3215,0.0,1.0,0.0,South Carolina
470,1753,0.0,1.0,0.0,Ukraine
471,4906,0.0,1.0,0.0,Obama
472,1235,0.196,0.804,0.0,Cuba
473,4360,0.332,0.535,0.134,Washington
474,4076,0.684,0.316,0.0,Las Vegas
475,347,0.481,0.519,0.0,Washington
476,2921,0.619,0.381,0.0,Tikrit
477,3002,0.223,0.615,0.162,U.S.
478,3067,0.324,0.676,0.0,Iran
479,2912,0.0,1.0,0.0,US
480,5088,0.0,0.726,0.274,Iran
481,602,0.0,0.686,0.314,Russia
482,3173,0.0,1.0,0.0,US
483,4689,0.134,0.866,0.0,Syria
484,4327,0.261,0.672,0.067,Brussels
485,2084,0.113,0.887,0.0,Indiana
486,1155,0.216,0.784,0.0,Iowa
487,486,0.0,1.0,0.0,Utah
488,2735,0.355,0.645,0.0,New Hampshire
489,3809,0.0,1.0,0.0,San Jose
490,2386,0.491,0.509,0.0,Mexico
491,4370,0.397,0.603,0.0,Washington
492,2018,0.0,1.0,0.0,Baltimore
493,3641,0.524,0.476,0.0,New York
494,1556,0.0,1.0,0.0,Iraq
495,322,0.0,0.755,0.245,America
496,2797,0.218,0.782,0.0,Iran
497,1224,0.182,0.818,0.0,Kentucky
498,2775,0.348,0.652,0.0,Iowa
499,144,0.174,0.659,0.168,New Hampshire
500,750,0.0,1.0,0.0,Egypt
501,72,0.0,1.0,0.0,Iran
502,3946,0.222,0.598,0.179,Obama
503,1006,0.0,0.755,0.245,Vienna
504,3506,0.514,0.226,0.26,Iran
505,639,0.0,1.0,0.0,Obama
506,4207,0.191,0.446,0.363,U.S.
507,382,0.191,0.809,0.0,Kentucky
508,1471,0.0,1.0,0.0,Obama
509,4842,0.0,0.739,0.261,NC
510,2877,0.0,1.0,0.0,Backlash
511,2241,0.231,0.769,0.0,N.J.
512,2186,0.271,0.729,0.0,South Carolina
513,4759,0.0,0.583,0.417,Nevada
514,402,0.459,0.541,0.0,Brussels
515,2421,0.286,0.714,0.0,Iran
516,1791,0.0,1.0,0.0,Iran
517,2863,0.0,1.0,0.0,Obama
518,1983,0.239,0.761,0.0,Obama
519,4429,0.248,0.661,0.091,Utah
520,1020,0.216,0.373,0.41,Obama
521,4030,0.298,0.702,0.0,Kobani
522,1760,0.394,0.606,0.0,Paris
523,3777,0.296,0.704,0.0,Obama
524,1742,0.0,0.283,0.717,Obama
525,244,0.126,0.874,0.0,San Bernardino
526,2806,0.0,0.639,0.361,Washington
527,1734,0.0,1.0,0.0,Iran
528,4629,0.197,0.803,0.0,Obama
529,1190,0.0,1.0,0.0,South Carolina
530,5176,0.0,1.0,0.0,Britain
531,1039,0.0,1.0,0.0,America
532,4786,0.0,1.0,0.0,Wyoming
533,3859,0.0,0.714,0.286,Indiana
534,4459,0.0,1.0,0.0,Saudi Arabia’s
535,3727,0.0,0.869,0.131,the United States
536,1630,0.425,0.411,0.164,Iowa
537,3750,0.286,0.714,0.0,Obama
538,3829,0.0,0.491,0.509,America
539,3127,0.0,1.0,0.0,Kansas
540,1902,0.0,1.0,0.0,Iran
541,908,0.353,0.647,0.0,Obama
542,68,0.487,0.513,0.0,Mosul
543,1280,0.161,0.839,0.0,N.H.
544,3303,0.0,1.0,0.0,New York
545,3788,0.348,0.57,0.082,US
546,1980,0.0,0.698,0.302,U.S.
547,2291,0.348,0.652,0.0,Paris
548,2995,0.0,1.0,0.0,Baltimore
549,2162,0.408,0.592,0.0,Nevada
550,4709,0.0,1.0,0.0,Iowa
551,1386,0.0,0.709,0.291,Benghazi
552,3856,0.0,1.0,0.0,Orlando
553,1785,0.196,0.804,0.0,Iran
554,5113,0.219,0.781,0.0,Texas
555,2526,0.211,0.789,0.0,Obama
556,2445,0.0,0.795,0.205,Paris
557,1326,0.0,1.0,0.0,Baltimore
558,4523,0.167,0.833,0.0,Obama
559,2434,0.431,0.569,0.0,Nevada
560,1126,0.0,1.0,0.0,Turkey
561,4718,0.206,0.794,0.0,Armenia
562,4804,0.13,0.87,0.0,New York City
563,2938,0.358,0.642,0.0,Iowa
564,5165,0.231,0.769,0.0,Obama
565,4542,0.0,1.0,0.0,Iran
566,4373,0.237,0.763,0.0,Charleston
567,1204,0.333,0.455,0.212,Obama
568,4676,0.0,0.698,0.302,America
569,1247,0.383,0.617,0.0,North Dakota
570,3991,0.4,0.6,0.0,Iowa
571,4922,0.0,0.839,0.161,Obama
572,2527,0.167,0.833,0.0,U.S.
573,4830,0.0,1.0,0.0,U.S.
574,957,0.0,1.0,0.0,US
575,1079,0.444,0.556,0.0,Syria
576,3529,0.343,0.657,0.0,Russia
577,3209,0.0,1.0,0.0,Nevada
578,3124,0.353,0.647,0.0,New York
579,4016,0.471,0.529,0.0,Oregon
580,2946,0.503,0.405,0.092,Ky.
581,3869,0.0,1.0,0.0,Russia
582,2611,0.0,1.0,0.0,Syria
583,3904,0.0,1.0,0.0,US
584,292,0.211,0.789,0.0,Obama
585,2216,0.149,0.851,0.0,Kabul
586,4686,0.14,0.581,0.279,Las Vegas
587,22,0.0,0.84,0.16,Ramadi
588,668,0.0,0.756,0.244,US
589,2436,0.0,0.738,0.262,America
590,701,0.0,0.616,0.384,Obama
591,3932,0.252,0.748,0.0,US
592,5195,0.16,0.84,0.0,Michigan
593,1502,0.344,0.584,0.071,San Bernardino
594,987,0.0,0.606,0.394,US
595,4292,0.293,0.707,0.0,Obama
596,2413,0.0,1.0,0.0,Obama
597,2092,0.0,1.0,0.0,Dangerous
598,469,0.0,1.0,0.0,New Hampshire
599,2266,0.316,0.684,0.0,Obama
600,4567,0.0,0.625,0.375,Syria
601,4732,0.0,1.0,0.0,Iran
602,1929,0.2,0.8,0.0,Iran
603,2124,0.231,0.769,0.0,Nepal
604,2411,0.0,1.0,0.0,Flint
605,4407,0.0,1.0,0.0,Washington
606,4096,0.105,0.663,0.232,D.C.
607,590,0.0,0.839,0.161,America
608,4174,0.262,0.738,0.0,Bronx
609,3435,0.0,0.658,0.342,Russia
610,1602,0.0,1.0,0.0,Syria
611,3112,0.0,1.0,0.0,US
612,926,0.0,0.49,0.51,Obama
613,1777,0.0,1.0,0.0,Obama
614,2009,0.0,1.0,0.0,Ireland
615,4803,0.0,1.0,0.0,Iran
616,3778,0.0,0.801,0.199,Connecticut
617,4250,0.0,1.0,0.0,Indiana
618,3428,0.0,0.714,0.286,New York
619,2948,0.0,1.0,0.0,Iran
620,1406,0.0,1.0,0.0,Oregon
621,666,0.301,0.699,0.0,America
622,4740,0.0,1.0,0.0,Turkey
623,4818,0.0,1.0,0.0,Syria
624,5085,0.276,0.724,0.0,Obama
625,3524,0.35,0.65,0.0,Iraq
626,30,0.0,1.0,0.0,Russia
627,973,0.0,1.0,0.0,New Hampshire
628,900,0.0,1.0,0.0,Obama
629,1102,0.0,0.758,0.242,Miami
630,3454,0.112,0.733,0.155,Paris
631,4430,0.0,1.0,0.0,Iowa
632,5212,0.194,0.806,0.0,West Virginia
633,50,0.0,1.0,0.0,America
634,16,0.381,0.619,0.0,Iran
635,4409,0.0,0.702,0.298,Obama
636,4736,0.246,0.647,0.108,Paris
637,4223,0.0,0.613,0.387,Obama
638,3826,0.0,1.0,0.0,U.S.
639,4247,0.0,1.0,0.0,Islamophobia
640,3322,0.0,0.824,0.176,Havana
641,3410,0.0,1.0,0.0,Palestine
642,5274,0.474,0.526,0.0,Iraq
643,1167,0.322,0.678,0.0,Anbar
644,551,0.174,0.826,0.0,Obama
645,2998,0.0,1.0,0.0,US
646,1047,0.0,0.769,0.231,Cuba
647,998,0.0,0.684,0.316,California
648,3179,0.0,1.0,0.0,Ukraine
649,702,0.196,0.804,0.0,Obama
650,2483,0.0,1.0,0.0,Iowa
651,3317,0.0,0.652,0.348,N.H.
652,1437,0.0,0.714,0.286,Obama
653,2889,0.0,1.0,0.0,Iran
654,1499,0.0,1.0,0.0,America
655,2843,0.174,0.826,0.0,Chicago
656,159,0.295,0.705,0.0,Iraq
657,899,0.184,0.563,0.253,Obama
658,2012,0.0,0.829,0.171,Putin
659,4281,0.104,0.724,0.172,Obama
660,737,0.236,0.764,0.0,Russia
661,2680,0.0,1.0,0.0,Syria
662,3059,0.355,0.645,0.0,Syria
663,3981,0.381,0.619,0.0,Israel
664,4509,0.316,0.684,0.0,Kentucky
665,4451,0.0,1.0,0.0,Wisconsin
666,2378,0.122,0.524,0.354,Obama
667,5032,0.0,1.0,0.0,Iran
668,3058,0.0,1.0,0.0,Indiana
669,3380,0.0,1.0,0.0,Obama
670,491,0.147,0.588,0.265,US
671,4157,0.0,1.0,0.0,Afghanistan
672,2650,0.388,0.612,0.0,Obama
673,492,0.0,1.0,0.0,California
674,2419,0.0,1.0,0.0,Brussels
675,1705,0.419,0.581,0.0,Hiroshima
676,1296,0.0,0.714,0.286,New Hampshire
677,912,0.0,0.893,0.107,US
678,74,0.16,0.661,0.179,Obama
679,269,0.0,1.0,0.0,Syria
680,3339,0.0,0.859,0.141,Iran
681,3342,0.481,0.519,0.0,Iran
682,3769,0.147,0.853,0.0,Kathmandu
683,156,0.0,1.0,0.0,Iowa
684,4115,0.0,0.774,0.226,US
685,4591,0.336,0.411,0.253,Libya
686,3759,0.291,0.709,0.0,Miami
687,3042,0.0,1.0,0.0,Texas
688,4554,0.0,1.0,0.0,Iowa
689,2392,0.0,0.682,0.318,Super
690,5081,0.0,1.0,0.0,Kasich
691,4116,0.111,0.889,0.0,Iowa
692,3105,0.0,0.625,0.375,New Mexico
693,851,0.175,0.825,0.0,Saudi Arabia
694,118,0.0,0.85,0.15,Egypt
695,3037,0.0,1.0,0.0,Invade
696,1546,0.0,1.0,0.0,Yemen
697,345,0.343,0.392,0.265,Trump County
698,1797,0.0,0.808,0.192,U.S.A.
699,2911,0.256,0.744,0.0,Iran
700,2133,0.0,1.0,0.0,Homeland
701,4425,0.378,0.495,0.126,Kenya
702,23,0.403,0.597,0.0,America
703,3812,0.144,0.616,0.24,Indiana
704,5233,0.0,1.0,0.0,America
705,3284,0.0,0.641,0.359,Nevada
706,3433,0.252,0.516,0.232,Obama
707,2492,0.0,1.0,0.0,U.S.
708,3766,0.241,0.759,0.0,Mexico
709,2047,0.0,0.685,0.315,America
710,2796,0.0,1.0,0.0,Obama
711,4562,0.27,0.73,0.0,Mistake
712,3793,0.2,0.8,0.0,U.S.
713,2660,0.0,1.0,0.0,America
714,493,0.0,1.0,0.0,Ukraine
715,832,0.155,0.845,0.0,Russia
716,534,0.167,0.833,0.0,Super
717,2699,0.0,0.784,0.216,Libya
718,2616,0.247,0.753,0.0,America
719,967,0.0,1.0,0.0,Nepal
720,3030,0.0,1.0,0.0,Texas
721,700,0.0,0.853,0.147,Paris
722,3463,0.0,0.753,0.247,America
723,1627,0.0,1.0,0.0,Obama
724,4572,0.213,0.787,0.0,California
725,184,0.0,0.806,0.194,Arizona
726,4529,0.0,1.0,0.0,Ramadi
727,3693,0.173,0.827,0.0,Denmark
728,4665,0.0,1.0,0.0,Calif.
729,4378,0.0,1.0,0.0,Ore.
730,775,0.111,0.889,0.0,Afghanistan
731,3893,0.274,0.726,0.0,Ukraine
732,3046,0.0,1.0,0.0,Obama
733,4188,0.174,0.674,0.152,Kentucky
734,718,0.0,0.683,0.317,Baltimore
735,3701,0.385,0.615,0.0,Moscow
736,3680,0.592,0.408,0.0,Florida
737,1070,0.095,0.779,0.126,Iowa
738,2935,0.203,0.797,0.0,U.S.
739,3048,0.0,0.649,0.351,Obama
740,2697,0.189,0.63,0.181,California
741,4748,0.255,0.745,0.0,U.S.
742,597,0.0,0.857,0.143,Charleston
743,828,0.0,0.816,0.184,Paris
744,2951,0.0,1.0,0.0,New Hampshire
745,416,0.146,0.68,0.175,U.S.
746,2424,0.286,0.714,0.0,Iran
747,931,0.185,0.588,0.227,Crumbles
748,3347,0.158,0.842,0.0,Obama
749,4779,0.118,0.806,0.075,Germany
750,3389,0.0,1.0,0.0,Vegas
751,4691,0.0,0.839,0.161,Charleston
752,4789,0.0,0.448,0.552,Philadelphia
753,101,0.0,1.0,0.0,Minneapolis
754,5238,0.0,1.0,0.0,America
755,3994,0.352,0.464,0.184,Atlanta
756,981,0.288,0.611,0.1,California
757,1328,0.0,1.0,0.0,US
758,3523,0.0,1.0,0.0,Iran
759,2062,0.494,0.506,0.0,Iran
760,3115,0.0,0.791,0.209,Florida
761,141,0.458,0.542,0.0,Pennsylvania
762,5171,0.189,0.811,0.0,Nevada
763,3575,0.22,0.78,0.0,Obama
764,3189,0.196,0.804,0.0,U.S.
765,2949,0.0,1.0,0.0,Obama
766,2260,0.0,0.735,0.265,Iran
767,1636,0.0,0.519,0.481,Brussels
768,2060,0.0,0.656,0.344,Obama
769,3415,0.246,0.439,0.316,US
770,4692,0.0,1.0,0.0,Syria
771,5235,0.0,1.0,0.0,Cuba
772,4837,0.101,0.441,0.458,U.S.
773,690,0.0,1.0,0.0,Charleston
774,397,0.0,1.0,0.0,Copenhagen
775,1012,0.0,1.0,0.0,U.S.
776,1133,0.0,1.0,0.0,Kentucky
777,5064,0.342,0.658,0.0,Kabul
778,929,0.0,1.0,0.0,California
779,5170,0.0,1.0,0.0,Obama
780,3918,0.0,1.0,0.0,Charleston
781,305,0.0,1.0,0.0,U.S.
782,728,0.0,1.0,0.0,Cuba
783,3508,0.204,0.556,0.241,New York
784,3315,0.0,0.783,0.217,Chaos
785,4959,0.0,1.0,0.0,America
786,5123,0.0,1.0,0.0,Cuba
787,216,0.0,0.843,0.157,U.S.
788,1644,0.0,1.0,0.0,Iran
789,3156,0.19,0.599,0.211,Syria
790,4416,0.0,1.0,0.0,New Hampshire
791,2953,0.148,0.852,0.0,U.S.
792,2994,0.0,1.0,0.0,Kenya
793,3626,0.701,0.299,0.0,Iraq
794,46,0.177,0.629,0.194,Ginsburg
795,4322,0.0,1.0,0.0,Arizona
796,351,0.0,0.842,0.158,Obama
797,4582,0.22,0.55,0.23,Tunisia
798,4999,0.0,1.0,0.0,U.S.
799,4767,0.252,0.748,0.0,Obama
800,1453,0.0,0.762,0.238,U.S.
801,2883,0.165,0.744,0.091,Baltimore
802,2785,0.394,0.606,0.0,Nevada
803,698,0.0,0.556,0.444,US
804,240,0.0,1.0,0.0,America
805,3947,0.281,0.719,0.0,Kasich
806,4337,0.0,1.0,0.0,Indiana
807,735,0.0,1.0,0.0,Their Beliefs
808,3325,0.0,1.0,0.0,the United States
809,277,0.0,1.0,0.0,Las Vegas
810,3019,0.241,0.658,0.101,Iran
811,3341,0.152,0.848,0.0,Paris
812,971,0.0,0.849,0.151,Spain
813,3860,0.0,1.0,0.0,New York
814,2725,0.172,0.828,0.0,Obama
815,224,0.0,1.0,0.0,Israel
816,2583,0.273,0.455,0.273,Paris
817,2126,0.0,1.0,0.0,San Bernardino
818,2784,0.0,1.0,0.0,Oregon
819,604,0.0,1.0,0.0,Kentucky
820,2351,0.0,0.811,0.189,Kasich
821,3089,0.0,1.0,0.0,US
822,2081,0.0,0.684,0.316,Orlando
823,4571,0.336,0.5,0.164,Baltimore
824,576,0.0,1.0,0.0,Obama
825,5006,0.0,1.0,0.0,US
826,4913,0.0,1.0,0.0,Iran
827,654,0.0,0.706,0.294,Afghanistan
828,3218,0.487,0.513,0.0,U.S.
829,3673,0.207,0.643,0.15,Iran
830,2932,0.217,0.667,0.117,Iowa
831,1831,0.262,0.738,0.0,N.H.
832,4408,0.217,0.606,0.177,London
833,3927,0.161,0.575,0.264,Iran
834,4625,0.0,0.698,0.302,Iowa
835,4650,0.2,0.615,0.185,Obama
836,4565,0.0,1.0,0.0,Vietnam
837,1901,0.0,0.614,0.386,Obama
838,3634,0.22,0.78,0.0,Iran
839,2356,0.593,0.407,0.0,Kabul
840,2270,0.0,0.703,0.297,Paris
841,5208,0.0,1.0,0.0,Brussels
842,94,0.213,0.787,0.0,Iran
843,4909,0.172,0.828,0.0,Iran
844,2518,0.514,0.486,0.0,New Hampshire’s
845,1042,0.0,1.0,0.0,U.S.
846,772,0.254,0.331,0.414,Iowa
847,4220,0.0,1.0,0.0,U.S.
848,5214,0.081,0.486,0.432,Melania
849,783,0.0,0.804,0.196,America
850,45,0.0,1.0,0.0,Mexico
851,4286,0.0,0.748,0.252,America
852,1776,0.421,0.579,0.0,California
853,3240,0.0,0.734,0.266,Paris
854,779,0.223,0.647,0.129,Chicago
855,189,0.348,0.652,0.0,Iran
856,4923,0.32,0.391,0.289,Iran
857,2122,0.0,1.0,0.0,U.S.
858,4401,0.0,1.0,0.0,France
859,5210,0.216,0.784,0.0,Syria
860,705,0.0,1.0,0.0,Iowa
861,365,0.179,0.821,0.0,Philadelphia
862,1640,0.0,0.803,0.197,Yemen
863,4958,0.255,0.745,0.0,San Bernardino
864,3567,0.54,0.46,0.0,Russia
865,1463,0.239,0.761,0.0,US
866,394,0.0,1.0,0.0,Vietnam
867,1245,0.293,0.56,0.147,China
868,5109,0.0,0.716,0.284,Obama
869,906,0.493,0.294,0.213,America
870,5098,0.0,0.75,0.25,S.C.
871,4995,0.161,0.839,0.0,Obama
872,4871,0.0,0.513,0.487,New York
873,3961,0.0,1.0,0.0,Iran
874,368,0.0,1.0,0.0,Texas
875,5125,0.0,1.0,0.0,D.C.
876,4855,0.194,0.625,0.181,Nigeria
877,4176,0.316,0.684,0.0,Seattle
878,433,0.293,0.707,0.0,Brussels
879,1301,0.0,0.714,0.286,New Hampshire
880,1464,0.0,1.0,0.0,Vegas
881,985,0.326,0.674,0.0,Russia
882,4966,0.139,0.861,0.0,Syria
883,4170,0.0,0.648,0.352,Texas
884,858,0.275,0.58,0.145,Iraq
885,413,0.0,0.777,0.223,Obama
886,5206,0.441,0.559,0.0,Cleveland
887,2632,0.0,1.0,0.0,Ukraine
888,1707,0.0,1.0,0.0,Washington
889,5084,0.189,0.811,0.0,America
890,507,0.188,0.584,0.227,Alaska
891,2746,0.098,0.902,0.0,Super
892,3136,0.0,0.833,0.167,Iran
893,3100,0.0,0.678,0.322,Belgium
894,4462,0.0,1.0,0.0,Obama
895,1847,0.0,1.0,0.0,Ky.
896,1054,0.0,0.92,0.08,Texas
897,2717,0.246,0.599,0.156,Berlin
898,4164,0.438,0.562,0.0,Iowa
899,3949,0.103,0.759,0.138,Tampa
900,4657,0.202,0.55,0.248,Iowa
901,2811,0.26,0.533,0.207,Philippines
902,3461,0.269,0.483,0.248,Obama
903,3830,0.373,0.482,0.145,Alabama
904,14,0.376,0.396,0.228,Maryland
905,984,0.121,0.403,0.476,Washington
906,962,0.383,0.617,0.0,the United States'
907,4526,0.368,0.632,0.0,US
908,3288,0.0,1.0,0.0,New Hampshire
909,4798,0.0,1.0,0.0,Hacking
910,2154,0.0,1.0,0.0,Russia
911,4315,0.0,0.631,0.369,US
912,3208,0.0,1.0,0.0,New Hampshire
913,932,0.0,1.0,0.0,Paris
914,465,0.127,0.751,0.121,Obama
915,1172,0.365,0.635,0.0,Nevada
916,2868,0.0,1.0,0.0,Iowa
917,198,0.0,0.682,0.318,Russia
918,1134,0.216,0.784,0.0,Syria
919,1164,0.0,0.614,0.386,Iowa
920,1937,0.0,1.0,0.0,Colorado Springs
921,4516,0.0,1.0,0.0,Texas
922,83,0.559,0.441,0.0,Egypt
923,1849,0.0,0.678,0.322,Libya
924,3644,0.524,0.476,0.0,Paris
925,3827,0.113,0.515,0.371,India
926,3741,0.368,0.632,0.0,America
927,3217,0.0,1.0,0.0,America
928,2897,0.218,0.782,0.0,Obama
929,2221,0.0,1.0,0.0,Kirkuk
930,1817,0.63,0.37,0.0,Kasich
931,1490,0.0,1.0,0.0,Obama
932,1168,0.184,0.57,0.247,Russia
933,2205,0.252,0.748,0.0,Alabama
934,1153,0.0,1.0,0.0,Washington
935,1095,0.0,1.0,0.0,Orlando
936,2401,0.273,0.424,0.303,Yemen
937,1279,0.0,0.743,0.257,Iran
938,2825,0.0,0.843,0.157,US
939,2304,0.324,0.676,0.0,Iowa
940,1231,0.16,0.66,0.179,Obama
941,3715,0.173,0.67,0.156,Wisconsin
942,2835,0.302,0.698,0.0,U.S.
943,3933,0.0,1.0,0.0,Russia
944,4144,0.0,1.0,0.0,Iran
945,4038,0.0,0.741,0.259,Iowa
946,4608,0.0,1.0,0.0,Iowa
947,3501,0.355,0.645,0.0,US
948,4544,0.0,1.0,0.0,America
949,671,0.228,0.772,0.0,Iowa
950,5121,0.175,0.606,0.22,Russia
951,60,0.191,0.695,0.114,France
952,3500,0.475,0.525,0.0,Syria
953,1892,0.0,1.0,0.0,America
954,405,0.0,0.643,0.357,Nevada
955,2214,0.242,0.758,0.0,Texas
956,5019,0.0,1.0,0.0,VA
957,3576,0.353,0.515,0.132,Las Vegas
958,3762,0.0,0.685,0.315,Yemen
959,861,0.192,0.808,0.0,Libya
960,43,0.0,0.816,0.184,LGBT
961,3871,0.219,0.781,0.0,Orlando
962,2171,0.0,1.0,0.0,Iowa
963,2795,0.0,0.811,0.189,N.H.
964,3911,0.182,0.818,0.0,Obama
965,291,0.248,0.752,0.0,America
966,3309,0.0,0.885,0.115,Washington
967,1972,0.0,1.0,0.0,DC
968,1756,0.137,0.863,0.0,Iowa
969,4120,0.219,0.533,0.249,US
970,3951,0.496,0.504,0.0,Alaska
971,343,0.172,0.828,0.0,Hawaii
972,170,0.225,0.543,0.233,Washington
973,685,0.302,0.698,0.0,Flint
974,1975,0.0,0.726,0.274,Michigan
975,510,0.123,0.877,0.0,California
976,5188,0.409,0.481,0.111,ISIS Empire: Smuggling
977,3017,0.0,0.783,0.217,Hawaii
978,276,0.0,1.0,0.0,Melania
979,3880,0.677,0.323,0.0,Iran
980,2625,0.394,0.606,0.0,Iran
981,3487,0.0,0.714,0.286,Super
982,3771,0.255,0.745,0.0,New Hampshire
983,628,0.362,0.638,0.0,Rust Belt
984,3429,0.406,0.594,0.0,Iowa
985,506,0.0,1.0,0.0,West Baltimore
986,964,0.0,1.0,0.0,US
987,4486,0.0,1.0,0.0,Obama
988,3324,0.0,0.762,0.238,Iran
989,3572,0.0,0.785,0.215,Obama
990,367,0.242,0.417,0.342,Cuba
991,154,0.0,1.0,0.0,Orlando
992,4854,0.0,0.649,0.351,Obama
993,2510,0.0,0.824,0.176,New Hampshire
994,1936,0.0,1.0,0.0,US
995,887,0.0,1.0,0.0,Israel
996,2971,0.0,1.0,0.0,Nevada
997,260,0.344,0.656,0.0,America
998,3521,0.206,0.794,0.0,Israel
999,5097,0.138,0.608,0.254,Canada
1000,3954,0.0,0.789,0.211,Ohio
1001,3760,0.0,1.0,0.0,Jordan
1002,370,0.34,0.476,0.184,Mali
1003,102,0.568,0.432,0.0,Colorado
1004,4340,0.0,1.0,0.0,Obama
1005,3786,0.0,1.0,0.0,Florida
1006,606,0.0,0.707,0.293,Iran
1007,4471,0.0,1.0,0.0,Iran
1008,1450,0.245,0.755,0.0,Paris
1009,2072,0.255,0.745,0.0,UK
1010,1672,0.0,1.0,0.0,Mali
1011,643,0.0,1.0,0.0,DC
1012,1663,0.0,1.0,0.0,VA
1013,3051,0.0,1.0,0.0,Iran
1014,2980,0.0,1.0,0.0,America
1015,4881,0.326,0.674,0.0,U.S.
1016,4590,0.174,0.826,0.0,Kasich
1017,2405,0.0,0.759,0.241,Iowa
1018,5103,0.613,0.387,0.0,Situation Room
1019,3409,0.0,0.77,0.23,Iran
1020,4905,0.193,0.807,0.0,Wisconsin
1021,4118,0.158,0.702,0.14,Conway
1022,529,0.0,1.0,0.0,Iran
1023,5,0.16,0.84,0.0,US
1024,160,0.528,0.472,0.0,Garland
1025,3440,0.234,0.541,0.225,Texas
1026,947,0.204,0.796,0.0,New Hampshire
1027,734,0.0,0.8,0.2,Ethiopia
1028,2514,0.211,0.789,0.0,Obama
1029,1577,0.0,0.545,0.455,East Africa
